time,hr,pep,pep_lvet,lvet,ppg_amp_ac,ppg_amp,pat,ptt
8757.848,51.99306759098787,94.0,0.20085470085470086,374.0,20.45968309979713,-24.167399859017685,67.0,-27.0
8761.234,50.505050505050505,94.0,0.20085470085470086,374.0,19.77585934882012,-24.3603282241292,67.0,-27.0
8769.538,48.701298701298704,94.0,0.20085470085470086,374.0,19.14701278125695,-25.058404616872576,67.0,-27.0
8770.77,50.16722408026756,94.0,0.20085470085470086,374.0,19.082214908274572,-23.57460804842301,67.0,-27.0
8771.966,53.28596802841919,94.0,0.2017167381974249,372.0,18.9928455636622,-24.27290511183351,66.0,-28.0
8778.896,53.380782918149464,94.0,0.2017167381974249,372.0,18.79677844867739,-24.215942466481987,66.0,-28.0
8780.02,49.423393739703464,94.0,0.2017167381974249,372.0,18.79647236707287,-24.45886795072523,66.0,-28.0
8781.234,51.107325383304946,94.0,0.2017167381974249,372.0,19.289422097819553,-32.86656111564318,66.0,-28.0
8822.232,51.99306759098787,94.0,0.2017167381974249,372.0,19.379209522618417,-33.15001210760026,66.0,-28.0
8823.386,53.956834532374096,94.0,0.2017167381974249,372.0,19.691349461903613,-35.74183840632548,65.0,-29.0
8824.498,50.847457627118644,94.0,0.2017167381974249,372.0,20.32419503279142,-38.55652143883134,65.0,-29.0
8825.678,50.76142131979696,94.0,0.2017167381974249,372.0,20.38966541190763,-40.65010884546954,65.0,-29.0
8826.86,52.631578947368425,94.0,0.2017167381974249,372.0,21.239565479437104,-41.625290734570555,65.0,-29.0
8828.0,51.282051282051285,94.0,0.2017167381974249,372.0,21.567123349015976,-44.1141945031569,65.0,-29.0
8836.994,53.28596802841919,94.0,0.2017167381974249,372.0,21.696607954869204,-43.636220333882214,65.0,-29.0
8854.369999999999,57.03422053231939,94.0,0.20085470085470086,374.0,21.6481771522591,-34.13270691743276,65.0,-29.0
8861.576,58.47953216374269,94.0,0.2017167381974249,372.0,21.531873974650892,-33.625288543064485,65.0,-29.0
8864.423999999999,64.1025641025641,92.0,0.19742489270386265,374.0,,,,
8876.518,55.65862708719851,92.0,0.19742489270386265,374.0,,,,
8881.766,57.03422053231939,92.0,0.19742489270386265,374.0,21.44464661273213,-37.15558808357502,65.0,-27.0
8885.08,53.0035335689046,92.0,0.19742489270386265,374.0,21.231558688393143,-37.222456341015466,65.0,-27.0
8888.484,55.35055350553505,92.0,0.19742489270386265,374.0,,,,
8895.11,52.35602094240838,92.0,0.19827586206896552,372.0,21.501510563865025,-40.4428663332967,65.0,-27.0
8898.476,58.252427184466015,92.0,0.19827586206896552,372.0,21.02482477310011,-44.16181122864971,65.0,-27.0
8899.506,54.44646098003629,,,,20.960399459676662,-46.478410007535864,65.0,
8910.784,55.04587155963302,90.0,0.1939655172413793,374.0,20.978090856475706,-48.29778534832219,65.0,-25.0
8911.874,52.81690140845071,90.0,0.19480519480519481,372.0,20.54606536042753,-45.07159794946981,66.0,-24.0
8913.01,54.84460694698354,,,,20.857939601933115,-44.31889566135554,66.0,
8914.104,55.248618784530386,70.0,0.15086206896551724,394.0,,,,
8915.19,54.24954792043399,70.0,0.15151515151515152,392.0,21.106131545434323,-37.9533324096443,66.0,-4.0
8916.296,57.915057915057915,70.0,0.15151515151515152,392.0,21.140154275695583,-37.75684793184554,66.0,-4.0
8917.332,57.47126436781609,70.0,0.15151515151515152,392.0,21.250465491431203,-36.46797285220585,66.0,-4.0
8918.376,56.81818181818181,70.0,0.15086206896551724,394.0,20.988987324775277,-33.13236413105241,66.0,-4.0
8919.432,54.54545454545454,70.0,0.15086206896551724,394.0,20.968291146658558,-30.000705716766518,66.0,-4.0
8920.532,55.65862708719851,70.0,0.15086206896551724,394.0,21.251335401365,-31.48337213210903,66.0,-4.0
8921.61,54.24954792043399,70.0,0.15021459227467812,396.0,21.39914928463163,-31.002472989791908,66.0,-4.0
8922.716,52.53940455341507,70.0,0.15021459227467812,396.0,21.260950109827316,-29.76188278403378,66.0,-4.0
8927.208,55.762081784386616,70.0,0.15086206896551724,394.0,21.502601056242963,-28.03144639588085,66.0,-4.0
8928.284,57.14285714285714,70.0,0.15021459227467812,396.0,21.97889036235412,-28.20320357444189,66.0,-4.0
8937.23,50.93378607809847,70.0,0.15021459227467812,396.0,21.95782443706097,-27.812071601245204,66.0,-4.0
8943.155999999999,51.282051282051285,72.0,0.15450643776824036,394.0,22.527733895875876,-28.721365433775933,66.0,-6.0
8946.724,50.33557046979866,72.0,0.15450643776824036,394.0,22.752839838084185,-36.863580204807654,65.0,-7.0
8950.114,51.369863013698634,,,,22.03880122675571,-33.804328964092385,65.0,
8951.282,50.847457627118644,72.0,0.15517241379310345,392.0,22.599193304395357,-33.61906019871977,65.0,-7.0
8957.946,56.71077504725898,,,,,,,
8962.284,57.80346820809248,,,,22.954255639863206,-37.146711096082505,64.0,
8965.534,57.36137667304015,,,,23.319488596559967,-40.6438925002263,64.0,
8966.58,58.027079303675045,72.0,0.15517241379310345,392.0,22.943239604274474,-41.59022622408627,64.0,-8.0
8967.614,59.171597633136095,72.0,0.15584415584415584,390.0,,,,
8968.628,58.59375,72.0,0.15517241379310345,392.0,,,,
8974.58,59.7609561752988,,,,22.631711638416228,-41.98147048815259,64.0,
8988.194,58.93909626719057,72.0,0.15584415584415584,390.0,,,,
8992.206,65.21739130434783,,,,22.283311753864478,-43.84899270247176,63.0,
8996.018,56.92599620493358,72.0,0.15517241379310345,392.0,,,,
8997.072,56.497175141242934,,,,22.13039934698873,-34.60582139827946,63.0,
8998.134,57.80346820809248,,,,22.562377304041696,-35.335923557286,63.0,
8999.172,60.120240480961925,70.0,0.15086206896551724,394.0,22.293427284856154,-36.149833239652764,63.0,-7.0
9000.17,58.59375,,,,22.231556329292054,-35.87623703813014,63.0,
9001.194,58.027079303675045,70.0,0.15086206896551724,394.0,,,,
9002.228,56.92599620493358,70.0,0.15086206896551724,394.0,21.354619607978456,-33.65051431404406,63.0,-7.0
9007.256,56.17977528089887,70.0,0.15086206896551724,394.0,,,,
9008.324,54.84460694698354,70.0,0.15086206896551724,394.0,,,,
9009.418,53.57142857142857,,,,,,,
9010.538,55.865921787709496,,,,21.176685477627466,-30.870308341723817,63.0,
9023.814,50.33557046979866,70.0,0.15086206896551724,394.0,21.523687183315285,-30.509882187677523,63.0,-7.0
9025.006,53.76344086021505,70.0,0.15086206896551724,394.0,21.494365097943806,-30.34801398374715,63.0,-7.0
9026.122,51.81347150259068,70.0,0.15021459227467812,396.0,21.39295488671454,-29.89604704142382,63.0,-7.0
9027.28,50.420168067226896,70.0,0.15021459227467812,396.0,21.279013508570145,-30.309562807370597,63.0,-7.0
9028.47,54.74452554744525,70.0,0.15021459227467812,396.0,20.845164216861587,-29.101430335252534,63.0,-7.0
9031.91,53.85996409335726,70.0,0.15021459227467812,396.0,20.434401951988008,-28.4877899900712,63.0,-7.0
9033.024,52.264808362369344,70.0,0.15021459227467812,396.0,20.25421736944372,-28.060089855860024,63.0,-7.0
9034.172,51.02040816326531,70.0,0.15021459227467812,396.0,20.167748964733487,-27.64739588352712,64.0,-6.0
9035.348,54.64480874316939,70.0,0.15021459227467812,396.0,18.48306251646697,-25.480759994651912,64.0,-6.0
9036.446,52.35602094240838,70.0,0.15021459227467812,396.0,18.20037643004727,-24.41618562712305,65.0,-5.0
9037.592,51.54639175257732,70.0,0.15021459227467812,396.0,18.101531981405223,-23.572489122503836,65.0,-5.0
9038.756,54.54545454545454,70.0,0.15021459227467812,396.0,18.163276645633204,-23.235970228070332,66.0,-4.0
9049.73,56.497175141242934,70.0,0.14957264957264957,398.0,,,,
9050.792,56.497175141242934,,,,18.55661418612343,-24.508603905082495,67.0,
9051.854,53.66726296958855,70.0,0.14957264957264957,398.0,18.663203370051146,-23.794876653173027,67.0,-3.0
9052.972,53.0035335689046,70.0,0.14957264957264957,398.0,18.81568684022925,-24.209702645365553,67.0,-3.0
9072.996,55.35055350553505,,,,18.68986587254225,-24.867168907939636,67.0,
9095.782,53.28596802841919,70.0,0.14957264957264957,398.0,19.79987551811933,-25.824243863155186,66.0,-4.0
9096.908,52.91005291005291,70.0,0.14893617021276595,400.0,19.99137451169804,-25.423952895012658,67.0,-3.0
9110.914,56.39097744360902,72.0,0.15319148936170213,398.0,20.201102148855995,-26.024572922095015,67.0,-5.0
9118.476,56.71077504725898,72.0,0.15254237288135594,400.0,20.189978608996164,-26.658124642266614,66.0,-6.0
9119.534,60.24096385542169,72.0,0.15254237288135594,400.0,,,,
9149.016,49.75124378109453,72.0,0.15254237288135594,400.0,19.848455988121216,-26.246664001794475,66.0,-6.0
9150.222,48.701298701298704,72.0,0.1518987341772152,402.0,19.741091395186853,-26.074007930586664,66.0,-6.0
9151.454,49.3421052631579,72.0,0.15254237288135594,400.0,19.71096127167825,-26.282849067167493,66.0,-6.0
9166.967999999999,52.81690140845071,72.0,0.15254237288135594,400.0,19.711153608666535,-25.798798469600406,67.0,-5.0
9168.104,50.505050505050505,72.0,0.15254237288135594,400.0,19.881158551087807,-26.3103511653646,67.0,-5.0
9169.292,49.91680532445923,72.0,0.15254237288135594,400.0,19.769686923574163,-26.992292630842144,67.0,-5.0
9170.494,53.19148936170213,72.0,0.15254237288135594,400.0,19.520019973796447,-27.046908631873173,66.0,-6.0
9171.622,51.369863013698634,72.0,0.15254237288135594,400.0,19.273520777070626,-26.28798270690656,66.0,-6.0
9172.789999999999,51.282051282051285,72.0,0.15319148936170213,398.0,19.338860763532594,-25.489687870551254,66.0,-6.0
9173.96,54.15162454873646,72.0,0.15319148936170213,398.0,19.602545295897002,-25.749766260568364,66.0,-6.0
9175.068,50.25125628140704,72.0,0.15319148936170213,398.0,19.678648959922782,-26.092367828432494,66.0,-6.0
9178.58,53.28596802841919,72.0,0.15319148936170213,398.0,,,,
9186.452,53.66726296958855,70.0,0.14957264957264957,398.0,19.694807779722595,-26.659456476429117,66.0,-4.0
9187.57,51.54639175257732,70.0,0.14957264957264957,398.0,19.64982397927713,-26.56122836927309,65.0,-5.0
9188.734,54.74452554744525,70.0,0.14957264957264957,398.0,19.660106735850157,-26.440344540516787,65.0,-5.0
9189.83,54.74452554744525,70.0,0.14957264957264957,398.0,19.963096055002822,-26.21799344163641,65.0,-5.0
9190.926,52.264808362369344,70.0,0.14957264957264957,398.0,20.117277333375995,-26.473455006662586,65.0,-5.0
9192.074,53.09734513274337,70.0,0.15021459227467812,396.0,20.07878845442682,-27.019688527144762,65.0,-5.0
9193.204,56.81818181818181,70.0,0.15021459227467812,396.0,,,,
9194.26,53.956834532374096,70.0,0.15021459227467812,396.0,20.152415856896166,-27.20426772464707,65.0,-5.0
9195.372,52.35602094240838,70.0,0.15021459227467812,396.0,20.3182993511983,-26.62024703757615,65.0,-5.0
9196.518,53.956834532374096,70.0,0.15021459227467812,396.0,20.568730590776983,-27.0998229384056,64.0,-6.0
9197.63,56.28517823639775,70.0,0.15021459227467812,396.0,20.66004400438158,-27.370026587938003,64.0,-6.0
9198.696,53.0035335689046,70.0,0.15021459227467812,396.0,20.832494819927984,-27.236897829514536,64.0,-6.0
9202.06,56.71077504725898,70.0,0.15021459227467812,396.0,,,,
9203.118,53.28596802841919,70.0,0.15021459227467812,396.0,20.834097064686652,-27.265363459303657,64.0,-6.0
9204.244,56.28517823639775,70.0,0.15086206896551724,394.0,21.149563434740827,-28.22524583551072,64.0,-6.0
9205.31,57.03422053231939,70.0,0.15086206896551724,394.0,21.397844435398767,-29.292543259926692,63.0,-7.0
9206.362,51.81347150259068,70.0,0.15021459227467812,396.0,21.258389778432882,-29.120785252099402,63.0,-7.0
9207.52,50.08347245409015,70.0,0.15086206896551724,394.0,21.14405363196015,-29.090872484238496,63.0,-7.0
9208.717999999999,54.64480874316939,70.0,0.15086206896551724,394.0,21.113012019945906,-28.4525450158102,63.0,-7.0
9209.815999999999,52.72407732864675,70.0,0.15086206896551724,394.0,21.363949823096316,-27.989331125174782,63.0,-7.0
9210.954,50.67567567567568,70.0,0.15086206896551724,394.0,21.528129724286117,-28.348920444147332,63.0,-7.0
9212.137999999999,54.05405405405405,70.0,0.15086206896551724,394.0,21.761388560725575,-28.793824794621813,63.0,-7.0
9213.248,52.53940455341507,70.0,0.15086206896551724,394.0,21.608943199040908,-27.952914330561963,63.0,-7.0
9214.39,51.369863013698634,70.0,0.15086206896551724,394.0,21.53585885417087,-26.979202643618095,63.0,-7.0
9215.557999999999,52.264808362369344,70.0,0.15086206896551724,394.0,21.643807836386756,-27.02769446622181,64.0,-6.0
9216.706,51.99306759098787,70.0,0.15086206896551724,394.0,21.794743421256793,-27.371679658026018,64.0,-6.0
9217.86,51.107325383304946,70.0,0.15086206896551724,394.0,21.96331096403088,-27.4815202064722,64.0,-6.0
9219.034,52.35602094240838,70.0,0.15021459227467812,396.0,21.747819473620023,-28.012641920735607,64.0,-6.0
9220.18,51.81347150259068,70.0,0.15021459227467812,396.0,21.41544044580917,-27.32058538243269,64.0,-6.0
9228.068,54.64480874316939,70.0,0.15021459227467812,396.0,21.454415422153584,-27.149245507857703,65.0,-5.0
9229.166,52.447552447552454,70.0,0.15021459227467812,396.0,21.636459454157368,-25.24404545539593,65.0,-5.0
9230.31,54.05405405405405,70.0,0.15021459227467812,396.0,21.440636939519628,-24.479938108679125,65.0,-5.0
9231.42,55.55555555555555,70.0,0.15021459227467812,396.0,21.339840955002877,-25.034603972491944,65.0,-5.0
9232.5,53.76344086021505,70.0,0.15021459227467812,396.0,21.35052595416657,-25.6394675739823,65.0,-5.0
9235.744,56.497175141242934,70.0,0.15086206896551724,394.0,21.301556454094634,-25.438231661886828,65.0,-5.0
9236.806,54.347826086956516,70.0,0.15086206896551724,394.0,21.602920789610558,-25.684075671458654,65.0,-5.0
9237.91,55.147058823529406,,,,21.8719853248682,-26.799602933457034,65.0,
9242.148,57.58157389635316,70.0,0.15086206896551724,394.0,21.55340145945434,-27.077237445497694,64.0,-6.0
9243.19,54.94505494505494,,,,21.263178489634935,-29.720694234528843,65.0,
9244.282,57.58157389635316,70.0,0.15151515151515152,392.0,21.35208672762361,-31.139358796205247,64.0,-6.0
9245.324,60.0,70.0,0.15151515151515152,392.0,21.289303811278167,-29.38783948202814,65.0,-5.0
9246.324,56.497175141242934,70.0,0.15151515151515152,392.0,21.495085829735316,-28.658696741112422,65.0,-5.0
9247.386,55.55555555555555,70.0,0.15086206896551724,394.0,21.641423288396034,-29.905651945873643,65.0,-5.0
9248.466,59.05511811023622,70.0,0.15086206896551724,394.0,,,,
9249.482,56.92599620493358,70.0,0.15086206896551724,394.0,21.550793736680717,-31.273163101877596,65.0,-5.0
9250.536,54.74452554744525,70.0,0.15086206896551724,394.0,21.431773636097017,-31.106848238587606,65.0,-5.0
9251.632,56.60377358490566,70.0,0.15021459227467812,396.0,21.585212710676878,-31.07677810639376,65.0,-5.0
9252.692,55.248618784530386,70.0,0.15021459227467812,396.0,22.024077818516,-32.565689168859706,65.0,-5.0
9253.778,53.85996409335726,70.0,0.14957264957264957,398.0,22.402138811190625,-34.112069049995355,66.0,-4.0
9257.07,55.147058823529406,70.0,0.14957264957264957,398.0,22.597804599646047,-36.524956162621706,66.0,-4.0
9258.158,54.05405405405405,70.0,0.14957264957264957,398.0,22.35158487578429,-38.900380728151895,66.0,-4.0
9259.268,57.03422053231939,70.0,0.14957264957264957,398.0,22.011830224134112,-39.068407771642775,66.0,-4.0
9260.32,55.35055350553505,70.0,0.14957264957264957,398.0,21.86003824962847,-35.7384474201401,66.0,-4.0
9261.404,55.35055350553505,70.0,0.14957264957264957,398.0,22.1769841723819,-37.003774844309184,67.0,-3.0
9262.488,58.8235294117647,70.0,0.15021459227467812,396.0,22.150369094905113,-39.77664146264485,67.0,-3.0
9263.508,56.60377358490566,70.0,0.15021459227467812,396.0,21.939571006027055,-38.10755022757952,66.0,-4.0
9264.568,54.15162454873646,68.0,0.1459227467811159,398.0,21.85602158022637,-38.15257850089119,65.0,-3.0
9265.676,56.60377358490566,68.0,0.14655172413793102,396.0,22.031509111098444,-39.2113916055764,66.0,-2.0
9266.735999999999,57.03422053231939,68.0,0.14655172413793102,396.0,22.259223717342195,-37.745891044332,66.0,-2.0
9267.788,55.452865064695004,68.0,0.14655172413793102,396.0,22.559787760119406,-38.17436309269312,66.0,-2.0
9271.003999999999,56.497175141242934,68.0,0.14782608695652175,392.0,22.63597762978231,-41.71148451278873,66.0,-2.0
9274.106,59.171597633136095,68.0,0.14782608695652175,392.0,22.38156802694487,-40.44291477678131,65.0,-3.0
9275.119999999999,56.92599620493358,68.0,0.14782608695652175,392.0,22.49612200943549,-39.85811235412406,65.0,-3.0
9276.173999999999,57.69230769230769,70.0,0.15217391304347827,390.0,22.54667961350588,-40.44633495968662,65.0,-5.0
9277.214,59.171597633136095,70.0,0.15217391304347827,390.0,22.588733680688264,-41.64451727689781,65.0,-5.0
9278.228,55.248618784530386,70.0,0.15217391304347827,390.0,22.876974639246118,-42.76100153865179,65.0,-5.0
9279.314,53.57142857142857,70.0,0.15283842794759825,388.0,23.377162120246155,-51.0804812552079,64.0,-6.0
9280.434,57.69230769230769,70.0,0.15283842794759825,388.0,24.177884580846882,-65.06985853535878,64.0,-6.0
9281.474,54.347826086956516,70.0,0.15283842794759825,388.0,24.96727606677305,-80.5796521138981,64.0,-6.0
9284.708,56.60377358490566,70.0,0.15283842794759825,388.0,25.72294564903574,-115.27001772235353,64.0,-6.0
9285.768,55.248618784530386,70.0,0.15283842794759825,388.0,26.260501611726088,-139.83102552034822,64.0,-6.0
9286.854,56.60377358490566,70.0,0.15350877192982457,386.0,26.990674654339358,-188.75880898183308,63.0,-7.0
9293.008,64.51612903225806,70.0,0.15418502202643172,384.0,,,,
9293.938,60.483870967741936,70.0,0.15486725663716813,382.0,27.495355889595338,-246.32132029413583,63.0,-7.0
9294.93,59.40594059405941,70.0,0.15486725663716813,382.0,,,,
9295.94,63.02521008403362,70.0,0.15555555555555556,380.0,27.498389122703724,-252.95798521068426,63.0,-7.0
9296.892,62.11180124223603,70.0,0.15486725663716813,382.0,,,,
9297.858,61.09979633401222,70.0,0.15486725663716813,382.0,,,,
9298.84,63.15789473684211,70.0,0.15486725663716813,382.0,27.311507140009468,-216.54249776627194,63.0,-7.0
9299.789999999999,62.37006237006237,70.0,0.15418502202643172,384.0,26.980382275348223,-152.9107695000194,63.0,-7.0
9300.752,60.97560975609756,70.0,0.15418502202643172,384.0,,,,
9301.735999999999,61.34969325153374,70.0,0.15418502202643172,384.0,,,,
9302.714,63.965884861407254,70.0,0.15418502202643172,384.0,26.823278132256462,-116.91435119817137,63.0,-7.0
9303.652,61.47540983606557,70.0,0.15418502202643172,384.0,26.778092549881034,-98.5866776855447,63.0,-7.0
9304.628,60.851926977687626,70.0,0.15418502202643172,384.0,26.62337466318692,-91.69668793799978,63.0,-7.0
9305.614,60.97560975609756,70.0,0.15418502202643172,384.0,26.401284224177985,-87.46475289071381,63.0,-7.0
9306.598,57.14285714285714,70.0,0.15418502202643172,384.0,26.10966260986131,-82.70161864504728,63.0,-7.0
9307.648,58.36575875486381,70.0,0.15418502202643172,384.0,26.543253211303828,-83.82345444941356,63.0,-7.0
9308.676,58.027079303675045,70.0,0.15418502202643172,384.0,26.68017207003014,-81.40854221532408,63.0,-7.0
9309.71,57.03422053231939,70.0,0.15418502202643172,384.0,26.537535801873435,-81.83640624829513,63.0,-7.0
9310.762,60.36217303822938,70.0,0.15418502202643172,384.0,,,,
9311.756,59.7609561752988,70.0,0.15418502202643172,384.0,,,,
9312.76,57.80346820809248,70.0,0.15350877192982457,386.0,26.286671424834857,-79.75846261618636,63.0,-7.0
9313.798,61.47540983606557,70.0,0.15418502202643172,384.0,,,,
9314.774,58.93909626719057,70.0,0.15350877192982457,386.0,26.066816444502273,-78.19890144495906,63.0,-7.0
9315.792,59.40594059405941,70.0,0.15350877192982457,386.0,26.226759246259327,-72.82561265016984,63.0,-7.0
9316.802,60.120240480961925,,,,26.496232197983954,-74.59244438925019,63.0,
9317.8,59.880239520958085,70.0,0.15350877192982457,386.0,26.75556862589824,-72.59170715998418,63.0,-7.0
9318.802,58.36575875486381,70.0,0.15350877192982457,386.0,26.196292546585795,-73.08076432553773,63.0,-7.0
9319.83,58.36575875486381,70.0,0.15350877192982457,386.0,25.797978824663538,-72.40775446183969,63.0,-7.0
9320.858,56.39097744360902,70.0,0.15350877192982457,386.0,25.629832394962715,-63.98961695962537,64.0,-6.0
9321.922,59.7609561752988,70.0,0.15350877192982457,386.0,,,,
9322.926,59.523809523809526,70.0,0.15350877192982457,386.0,26.005742402818957,-64.51543500981913,63.0,-7.0
9323.934,57.58157389635316,70.0,0.15350877192982457,386.0,26.437662438608474,-65.5121656306937,63.0,-7.0
9324.976,58.93909626719057,70.0,0.15350877192982457,386.0,26.525933096301085,-67.043549305495,63.0,-7.0
9325.994,60.851926977687626,70.0,0.15350877192982457,386.0,,,,
9326.98,57.36137667304015,70.0,0.15350877192982457,386.0,26.458821735557365,-64.01197330092899,63.0,-7.0
9328.026,56.17977528089887,70.0,0.15418502202643172,384.0,26.51033472853804,-64.87318351970858,63.0,-7.0
9329.094,60.24096385542169,70.0,0.15486725663716813,382.0,26.603263646460178,-60.843117974175684,64.0,-6.0
9330.09,58.13953488372093,70.0,0.15486725663716813,382.0,27.006713590300325,-61.27784465359628,64.0,-6.0
9341.488,58.027079303675045,70.0,0.15555555555555556,380.0,27.4884963256655,-62.93775239929208,64.0,-6.0
9342.521999999999,58.13953488372093,,,,,,,
9345.518,61.855670103092784,70.0,0.15555555555555556,380.0,,,,
9346.488,61.224489795918366,70.0,0.15555555555555556,380.0,27.322977936239496,-69.32112736609736,64.0,-6.0
9347.467999999999,60.60606060606061,70.0,0.15555555555555556,380.0,,,,
9352.338,62.37006237006237,70.0,0.15486725663716813,382.0,,,,
9353.3,59.05511811023622,70.0,0.15486725663716813,382.0,26.563151540745956,-72.17861527416457,64.0,-6.0
9354.315999999999,57.80346820809248,70.0,0.15418502202643172,384.0,26.263388625786277,-67.54265962723115,64.0,-6.0
9355.354,60.36217303822938,70.0,0.15418502202643172,384.0,,,,
9362.402,58.47953216374269,70.0,0.15350877192982457,386.0,26.010249830680763,-60.82331409610262,64.0,-6.0
9368.502,57.03422053231939,70.0,0.15350877192982457,386.0,25.105833389190785,-59.45938846234157,64.0,-6.0
9369.554,63.15789473684211,70.0,0.15350877192982457,386.0,25.37567962290842,-65.21369348647845,64.0,-6.0
9373.55,55.97014925373134,70.0,0.15350877192982457,386.0,25.39794125166861,-61.809653042967376,64.0,-6.0
9374.622,56.71077504725898,70.0,0.15350877192982457,386.0,24.876463327678554,-64.77653909743262,64.0,-6.0
9375.68,55.65862708719851,70.0,0.15283842794759825,388.0,24.75870823950565,-56.45113976151299,65.0,-5.0
9376.758,55.452865064695004,70.0,0.15283842794759825,388.0,25.325216708030233,-52.594239320591996,65.0,-5.0
9377.84,53.85996409335726,70.0,0.15283842794759825,388.0,25.512021658671777,-58.16853179828574,65.0,-5.0
9387.756,57.14285714285714,,,,25.325019564391994,-59.845058815987336,65.0,
9399.869999999999,60.72874493927126,70.0,0.15283842794759825,388.0,25.987450044577294,-57.4477826335153,65.0,-5.0
9400.858,59.171597633136095,70.0,0.15283842794759825,388.0,25.93086226347142,-54.83051814185107,63.0,-7.0
9403.896,60.0,70.0,0.15283842794759825,388.0,26.261534421178705,-67.10541053834264,65.0,-5.0
9404.896,58.47953216374269,70.0,0.15283842794759825,388.0,25.62823454065968,-62.8939474183393,65.0,-5.0
9405.922,58.708414872798436,70.0,0.15283842794759825,388.0,25.69723535129597,-58.037503825125164,65.0,-5.0
9406.944,61.224489795918366,70.0,0.15283842794759825,388.0,25.73101842689382,-52.89796218253327,65.0,-5.0
9418.092,56.71077504725898,70.0,0.15283842794759825,388.0,25.7702865432664,-57.43695380687429,65.0,-5.0
9419.15,57.58157389635316,70.0,0.15283842794759825,388.0,26.30115646856023,-70.00059981406459,65.0,-5.0
9420.192,59.28853754940712,70.0,0.15283842794759825,388.0,26.89240766917282,-86.65105411532691,65.0,-5.0
9421.204,56.71077504725898,70.0,0.15217391304347827,390.0,,,,
9422.262,59.880239520958085,,,,27.471943545356336,-116.72946208826416,65.0,
9430.583999999999,60.120240480961925,,,,27.395556418106253,-114.12572656130536,65.0,
9431.582,59.05511811023622,,,,28.784845278815382,-234.1494542844927,64.0,
9448.155999999999,64.23982869379014,68.0,0.14847161572052403,390.0,,,,
9449.09,59.880239520958085,68.0,0.14847161572052403,390.0,29.62158719751205,2606.6955642885464,64.0,-4.0
9450.092,57.14285714285714,68.0,0.14847161572052403,390.0,,,,
9458.284,55.97014925373134,68.0,0.14847161572052403,390.0,,,,
9459.356,58.8235294117647,68.0,0.14847161572052403,390.0,,,,
9485.344,58.47953216374269,68.0,0.14847161572052403,390.0,,,,
9499.717999999999,64.51612903225806,68.0,0.14912280701754385,388.0,,,,
9500.648,66.07929515418502,68.0,0.14912280701754385,388.0,,,,
9501.556,67.72009029345372,68.0,0.1504424778761062,384.0,30.865943987235557,200.67406493452853,63.0,-5.0
9502.442,66.3716814159292,68.0,0.14977973568281938,386.0,,,,
9503.346,65.0759219088937,,,,,,,
9504.268,67.11409395973155,,,,32.21933521217886,163.31096237364386,63.0,
9505.162,68.18181818181819,68.0,0.15454545454545454,372.0,33.19613592041887,130.0711426531741,63.0,-5.0
9506.042,64.37768240343347,,,,,,,
9512.31,71.77033492822967,68.0,0.15384615384615385,374.0,33.966863508261184,106.12798502403274,63.0,-5.0
9514.928,66.3716814159292,68.0,0.15315315315315314,376.0,34.26997600386086,92.97194867214492,62.0,-6.0
9515.832,70.4225352112676,68.0,0.15384615384615385,374.0,35.36415579613206,85.90758293095877,62.0,-6.0
9520.128,71.77033492822967,66.0,0.1493212669683258,376.0,36.27920242266215,81.85026398529004,62.0,-4.0
9520.964,68.3371298405467,68.0,0.15384615384615385,374.0,,,,
9524.428,76.72634271099744,68.0,0.1452991452991453,400.0,36.85913651244893,73.42091777254318,61.0,-7.0
9525.21,76.14213197969544,68.0,0.1452991452991453,400.0,,,,
9525.998,75.37688442211055,68.0,0.1452991452991453,400.0,36.893155377015205,64.80601700649684,61.0,-7.0
9526.794,73.34963325183375,68.0,0.1459227467811159,398.0,,,,
9527.612,74.81296758104737,68.0,0.1459227467811159,398.0,36.972705663619934,60.7130380313164,61.0,-7.0
9528.414,72.81553398058253,68.0,0.1459227467811159,398.0,36.85410402151962,58.14494944919657,61.0,-7.0
9529.238,69.28406466512702,68.0,0.1459227467811159,398.0,36.62133562995321,56.04736292807794,61.0,-7.0
9532.78,67.41573033707866,68.0,0.1459227467811159,398.0,36.724577490869194,52.43108862606091,61.0,-7.0
9535.46,68.3371298405467,68.0,0.1459227467811159,398.0,36.500329328765076,49.94223425875177,61.0,-7.0
9536.338,68.64988558352402,68.0,0.1459227467811159,398.0,36.396405906133324,49.71286918518559,61.0,-7.0
9538.96,71.25890736342043,66.0,0.14102564102564102,402.0,36.098812368544614,48.32370712532585,61.0,-5.0
9539.802,69.60556844547564,66.0,0.14102564102564102,402.0,35.685259499721575,48.47998997431921,61.0,-5.0
9542.378,73.71007371007371,66.0,0.14102564102564102,402.0,35.25020247808241,46.00862899785417,61.0,-5.0
9544.902,67.87330316742081,66.0,0.14102564102564102,402.0,35.393537918332534,46.16126275547955,61.0,-5.0
9545.786,71.25890736342043,66.0,0.14102564102564102,402.0,35.673972897869135,44.557616980094835,61.0,-5.0
9546.628,69.12442396313364,66.0,0.14042553191489363,404.0,35.72495464216416,44.95487712821766,61.0,-5.0
9547.496,65.21739130434783,68.0,0.14468085106382977,402.0,,,,
9548.416,64.23982869379014,66.0,0.14102564102564102,402.0,,,,
9549.35,66.51884700665188,66.0,0.14102564102564102,402.0,35.620030761789835,45.42617321885495,60.0,-6.0
9550.252,70.58823529411765,66.0,0.14102564102564102,402.0,35.39933002711349,45.68612428438729,61.0,-5.0
9551.101999999999,70.58823529411765,66.0,0.14042553191489363,404.0,35.28410428026908,46.1669498889148,61.0,-5.0
9553.742,69.12442396313364,66.0,0.14102564102564102,402.0,35.346516826367974,46.49907056897121,61.0,-5.0
9556.405999999999,66.07929515418502,66.0,0.14102564102564102,402.0,35.543147309219854,47.03031046331865,62.0,-4.0
9557.314,69.44444444444444,66.0,0.14102564102564102,402.0,35.497258334759664,46.96130778881934,61.0,-5.0
9558.178,72.11538461538461,66.0,0.14042553191489363,404.0,35.466795288137206,49.416746063557,62.0,-4.0
9559.01,69.93006993006993,66.0,0.14042553191489363,404.0,35.396895625198425,50.31787487911873,62.0,-4.0
9559.868,68.02721088435374,66.0,0.14042553191489363,404.0,35.20717355247478,50.2807881109826,62.0,-4.0
9560.75,70.09345794392523,66.0,0.14042553191489363,404.0,35.149666740660265,49.21383058210919,61.0,-5.0
9561.606,71.94244604316548,66.0,0.14102564102564102,402.0,35.22383005231737,49.58968832261077,61.0,-5.0
9564.146,73.89162561576354,66.0,0.14102564102564102,402.0,35.06106101194584,50.46652039689515,61.0,-5.0
9564.958,75.37688442211055,66.0,0.14042553191489363,404.0,34.86778055289792,51.46461345929584,60.0,-6.0
9565.753999999999,73.52941176470588,66.0,0.13983050847457626,406.0,34.68069297404723,51.49382220776144,60.0,-6.0
9566.57,71.94244604316548,66.0,0.13983050847457626,406.0,34.7851096146016,51.55853954497783,59.0,-7.0
9567.404,69.76744186046511,66.0,0.13983050847457626,406.0,35.24159117506105,52.81735663344848,59.0,-7.0
9568.264,71.25890736342043,66.0,0.13924050632911392,408.0,35.812064526420514,53.74563420404013,59.0,-7.0
9569.106,74.25742574257426,66.0,0.13865546218487396,410.0,36.26664746383513,54.11514696112055,58.0,-8.0
9569.914,76.72634271099744,66.0,0.13807531380753138,412.0,36.592847011721815,54.246913576853814,58.0,-8.0
9570.696,80.64516129032258,66.0,0.13807531380753138,412.0,36.9407366084899,53.86615569708268,57.0,-9.0
9571.44,83.33333333333334,66.0,0.13865546218487396,410.0,37.03516717768851,51.99325913231909,57.0,-9.0
9572.16,84.26966292134831,66.0,0.13580246913580246,420.0,,,,
9572.872,83.10249307479225,66.0,0.13524590163934427,422.0,37.080848657142326,50.21536946384376,57.0,-9.0
9573.594,81.52173913043478,66.0,0.14666666666666667,384.0,36.930388563342014,48.340684411069795,57.0,-9.0
9574.33,77.92207792207792,66.0,0.14666666666666667,384.0,36.636079317465075,46.348753954260786,57.0,-9.0
9575.1,75.75757575757575,66.0,0.14666666666666667,384.0,36.3644068713203,43.66785510981818,56.0,-10.0
9575.892,72.28915662650603,66.0,0.14666666666666667,384.0,36.20693531703653,43.3635282328686,56.0,-10.0
9576.722,69.60556844547564,66.0,0.14666666666666667,384.0,36.24492496162701,44.29794169406259,56.0,-10.0
9577.583999999999,72.99270072992701,66.0,0.14666666666666667,384.0,36.315164006797886,43.97240709649164,55.0,-11.0
9578.405999999999,75.18796992481202,66.0,0.13983050847457626,406.0,36.43790843793358,44.59577140764729,55.0,-11.0
9579.204,73.52941176470588,66.0,0.14601769911504425,386.0,36.55177218383581,44.199895219819915,54.0,-12.0
9580.02,73.52941176470588,66.0,0.13924050632911392,408.0,36.65406824075757,42.02313525468449,54.0,-12.0
9580.836,75.75757575757575,64.0,0.13445378151260504,412.0,36.93241522187088,41.91943659526643,54.0,-10.0
9581.628,81.52173913043478,64.0,0.1350210970464135,410.0,37.01895295382951,41.53542322774362,54.0,-10.0
9582.364,84.26966292134831,64.0,0.14222222222222222,386.0,,,,
9583.076,85.22727272727273,64.0,0.13333333333333333,416.0,37.40621005231877,40.90441853417394,54.0,-10.0
9583.78,86.70520231213874,64.0,0.13168724279835392,422.0,,,,
9584.472,85.9598853868195,64.0,0.13278008298755187,418.0,,,,
9585.17,84.03361344537815,64.0,0.13278008298755187,418.0,,,,
9585.884,81.9672131147541,64.0,0.1322314049586777,420.0,,,,
9586.616,79.15567282321899,64.0,0.13278008298755187,418.0,37.86053795300766,38.88315282626345,54.0,-10.0
9587.374,76.14213197969544,66.0,0.13636363636363635,418.0,38.33000071754043,37.148833892300004,54.0,-12.0
9588.162,72.28915662650603,66.0,0.13692946058091288,416.0,38.117257220008504,35.020644853701036,54.0,-12.0
9588.992,70.4225352112676,66.0,0.1375,414.0,38.18101951140256,35.70148205694886,55.0,-11.0
9589.844,68.96551724137932,66.0,0.14473684210526316,390.0,37.70652816349079,36.76275101461357,55.0,-11.0
9590.714,70.09345794392523,66.0,0.14537444933920704,388.0,37.19915596298214,36.11067762834115,55.0,-11.0
9591.57,69.76744186046511,66.0,0.13807531380753138,412.0,36.6874256277265,37.235190786866546,56.0,-10.0
9592.43,68.64988558352402,66.0,0.13807531380753138,412.0,35.57909243999546,37.022024579562554,56.0,-10.0
9593.304,69.93006993006993,66.0,0.1375,414.0,34.58948716899586,36.77837247256719,56.0,-10.0
9594.162,71.09004739336493,66.0,0.1375,414.0,34.0555239659559,37.17478771697282,57.0,-9.0
9595.006,73.52941176470588,66.0,0.1375,414.0,34.000918460268515,38.88046279825238,57.0,-9.0
9595.822,71.42857142857143,66.0,0.1375,414.0,33.499946310211776,38.94370677794692,57.0,-9.0
9596.662,71.25890736342043,66.0,0.1375,414.0,33.654857324474506,38.8079397857636,58.0,-8.0
9597.503999999999,70.2576112412178,66.0,0.13865546218487396,410.0,34.026055131189295,40.11283922678551,58.0,-8.0
9598.358,68.3371298405467,66.0,0.13865546218487396,410.0,,,,
9599.235999999999,71.09004739336493,66.0,0.13924050632911392,408.0,,,,
9600.08,77.31958762886597,66.0,0.13983050847457626,406.0,34.12603007928888,39.93424786374156,58.0,-8.0
9600.856,77.12082262210797,,,,34.55829050060896,41.48198535566484,58.0,
9601.634,75.75757575757575,66.0,0.13865546218487396,410.0,34.63445942968008,43.85987570812129,58.0,-8.0
9602.426,73.52941176470588,66.0,0.13865546218487396,410.0,34.20016481178874,50.719330444839365,58.0,-8.0
9603.242,69.44444444444444,,,,33.98039423817377,59.39673748933348,55.0,
9604.106,66.96428571428571,66.0,0.14102564102564102,402.0,,,,
9605.002,65.0759219088937,66.0,0.13865546218487396,410.0,33.44466297246355,61.09765438877654,58.0,-8.0
9605.923999999999,64.23982869379014,66.0,0.132,434.0,33.25997846546628,63.265056839628244,53.0,-13.0
9606.858,62.5,68.0,0.136,432.0,32.299245312832795,61.708344569635464,55.0,-13.0
9607.818,62.11180124223603,68.0,0.136,432.0,32.218454652171694,58.05003364568778,55.0,-13.0
9608.784,62.11180124223603,68.0,0.14285714285714285,408.0,32.159631644657246,53.85492499934375,56.0,-12.0
9609.75,62.37006237006237,68.0,0.14468085106382977,402.0,,,,
9610.712,61.601642710472284,68.0,0.14345991561181434,406.0,32.1617668902238,54.4802286506825,57.0,-11.0
9611.686,59.7609561752988,68.0,0.1440677966101695,404.0,32.30570666914589,53.976719675842034,58.0,-10.0
9612.69,65.0759219088937,,,,32.270164875790265,54.5409160071483,59.0,
9613.612,66.07929515418502,68.0,0.14345991561181434,406.0,32.793556917066866,55.58086124485339,61.0,-7.0
9614.52,71.09004739336493,,,,33.74576869239866,56.30210760365944,61.0,
9615.364,72.28915662650603,68.0,0.14285714285714285,408.0,,,,
9616.194,71.42857142857143,68.0,0.14285714285714285,408.0,34.62600030767848,53.632479360672754,61.0,-7.0
9617.034,66.96428571428571,68.0,0.14285714285714285,408.0,35.31398533877139,59.20931808287865,61.0,-7.0
9617.93,63.69426751592357,68.0,0.14225941422594143,410.0,35.641552324238766,72.09707252754608,63.0,-5.0
9618.872,63.02521008403362,68.0,0.1440677966101695,404.0,35.458958148948085,75.04313710054181,62.0,-6.0
9619.824,61.34969325153374,68.0,0.13709677419354838,428.0,35.585227048846164,68.4928827325508,63.0,-5.0
9620.802,60.60606060606061,68.0,0.14225941422594143,410.0,,,,
9621.792,60.24096385542169,,,,,,,
9622.788,59.28853754940712,68.0,0.14166666666666666,412.0,35.45224154584351,55.420215043094935,63.0,-5.0
9623.8,59.642147117296226,68.0,0.14285714285714285,408.0,35.77386648752701,48.94214727580885,63.0,-5.0
9624.806,65.78947368421052,70.0,0.14705882352941177,406.0,35.691725237383324,48.85701734165811,64.0,-6.0
9625.717999999999,66.07929515418502,68.0,0.14285714285714285,408.0,36.40550815434527,54.820231609622695,64.0,-4.0
9628.53,60.120240480961925,70.0,0.14644351464435146,408.0,36.453412556999595,66.60375258572047,65.0,-5.0
9637.202,62.5,70.0,0.15555555555555556,380.0,36.22996886836499,75.76765315711918,64.0,-6.0
9644.336,59.05511811023622,70.0,0.15217391304347827,390.0,37.54558345797894,85.93829811280183,64.0,-6.0
9647.418,66.96428571428571,70.0,0.1598173515981735,368.0,37.813064595863,81.27144843017172,65.0,-5.0
9648.314,70.2576112412178,68.0,0.1559633027522936,368.0,38.4180114064762,115.15425666029175,65.0,-3.0
9649.168,69.28406466512702,68.0,0.15668202764976957,366.0,36.441510420543345,134.37601554812204,65.0,-3.0
9650.034,67.87330316742081,68.0,0.1559633027522936,368.0,36.00868921464311,226.53650063148152,64.0,-4.0
9672.44,57.03422053231939,70.0,0.16129032258064516,364.0,34.79459574362943,623.5252547375806,64.0,-6.0
9692.289999999999,64.1025641025641,,,,,,,
9706.078,59.05511811023622,68.0,0.15668202764976957,366.0,33.914205971403064,570.0104661227608,64.0,-4.0
9723.806,66.81514476614699,70.0,0.16203703703703703,362.0,33.27577100428418,466.74594458113324,61.0,-9.0
9728.271999999999,70.2576112412178,70.0,0.16203703703703703,362.0,31.807846941056084,-7288.699810433748,63.0,-7.0
9731.848,61.98347107438017,70.0,0.16279069767441862,360.0,,,,
9732.815999999999,59.28853754940712,70.0,0.16355140186915887,358.0,,,,
9739.724,60.72874493927126,70.0,0.15086206896551724,394.0,,,,
9779.544,58.59375,70.0,0.15151515151515152,392.0,30.769604370979632,-211.14429949710558,63.0,-7.0
9783.52,58.13953488372093,,,,,,,
9789.688,58.027079303675045,,,,,,,
9812.31,56.28517823639775,,,,29.685086213803253,-149.20946494858646,62.0,
9820.454,57.03422053231939,70.0,0.15217391304347827,390.0,30.447375015695116,-91.0157583307993,62.0,-8.0
9845.688,57.69230769230769,70.0,0.15151515151515152,392.0,29.52262523575159,-72.37555747019454,63.0,-7.0
9873.536,54.74452554744525,70.0,0.15151515151515152,392.0,29.257267025799433,-62.3157314121226,63.0,-7.0
9874.632,56.92599620493358,70.0,0.15217391304347827,390.0,,,,
9875.686,55.65862708719851,70.0,0.15151515151515152,392.0,28.93660957988424,-59.21027845865448,63.0,-7.0
9876.764,53.09734513274337,70.0,0.15151515151515152,392.0,28.61904254143235,-53.06816982889994,62.0,-8.0
9877.894,56.28517823639775,70.0,0.15151515151515152,392.0,,,,
9878.96,54.84460694698354,70.0,0.15217391304347827,390.0,,,,
9880.054,52.631578947368425,70.0,0.15217391304347827,390.0,28.657074300601025,-52.60846639282257,62.0,-8.0
9881.194,55.04587155963302,72.0,0.1565217391304348,388.0,28.973475751495066,-49.95564605362398,62.0,-10.0
9882.284,57.80346820809248,72.0,0.1565217391304348,388.0,29.23871209723874,-49.89313744463609,62.0,-10.0
9883.322,56.28517823639775,72.0,0.1565217391304348,388.0,29.23016123770615,-49.870631685270105,61.0,-11.0
9884.387999999999,55.04587155963302,72.0,0.1565217391304348,388.0,29.037820505129307,-48.95684068991195,61.0,-11.0
9885.478,57.915057915057915,72.0,0.1565217391304348,388.0,28.802633140299594,-46.58011268366352,61.0,-11.0
9895.414,54.15162454873646,74.0,0.1608695652173913,386.0,29.023626704618913,-46.51474680829564,60.0,-14.0
9898.807999999999,55.865921787709496,74.0,0.1608695652173913,386.0,28.93447663206396,-47.40516331776913,60.0,-14.0
9899.882,54.347826086956516,74.0,0.1608695652173913,386.0,28.371509721557445,-43.73867358551538,61.0,-13.0
9900.985999999999,54.64480874316939,74.0,0.1608695652173913,386.0,28.143265932449474,-41.86898060429913,61.0,-13.0
9902.083999999999,57.36137667304015,74.0,0.1608695652173913,386.0,28.028656092989316,-39.86637298294151,61.0,-13.0
9903.13,55.35055350553505,74.0,0.1608695652173913,386.0,28.242082691006885,-37.85208834767915,61.0,-13.0
9904.214,54.347826086956516,74.0,0.1608695652173913,386.0,28.08400666594158,-38.93806674857537,61.0,-13.0
9905.318,56.81818181818181,74.0,0.1608695652173913,386.0,27.701943822679837,-38.46835966435926,61.0,-13.0
9909.758,54.347826086956516,74.0,0.1608695652173913,386.0,27.015144960495338,-34.90492254259907,61.0,-13.0
9910.862,51.724137931034484,74.0,0.16017316017316016,388.0,27.109653328363933,-32.97192682897589,61.0,-13.0
9912.021999999999,54.347826086956516,74.0,0.1608695652173913,386.0,27.37086355169098,-33.18766379034719,62.0,-12.0
9913.126,53.66726296958855,74.0,0.16017316017316016,388.0,26.976882763678937,-31.691327677830497,62.0,-12.0
9914.244,51.63511187607573,74.0,0.16017316017316016,388.0,26.92683185643265,-32.10129216188953,62.0,-12.0
9915.405999999999,55.04587155963302,74.0,0.16017316017316016,388.0,,,,
9916.496,53.380782918149464,74.0,0.1608695652173913,386.0,26.4700896668024,-30.884688913213136,62.0,-12.0
9917.619999999999,51.63511187607573,74.0,0.16017316017316016,388.0,26.67381135679365,-29.8238451447559,62.0,-12.0
9918.782,52.631578947368425,74.0,0.1608695652173913,386.0,27.152068673079345,-31.051560529935347,62.0,-12.0
9919.922,52.72407732864675,74.0,0.1608695652173913,386.0,27.089354699711073,-32.30765867136866,62.0,-12.0
9921.06,51.81347150259068,74.0,0.16017316017316016,388.0,27.330241203117772,-31.53682919689716,62.0,-12.0
9927.714,53.475935828877,72.0,0.1565217391304348,388.0,27.20678940356659,-31.767841642901217,62.0,-10.0
9928.836,52.631578947368425,,,,27.41413001215365,-32.87655576358537,61.0,
9933.07,54.54545454545454,,,,27.34946292406006,-31.493672268694336,61.0,
9934.17,54.15162454873646,,,,27.677549287200947,-32.19607185648279,61.0,
9935.278,55.97014925373134,,,,27.6627551284284,-32.143394489741276,62.0,
9936.35,55.248618784530386,,,,27.304505476853766,-30.508231820900182,61.0,
9940.284,65.93406593406593,72.0,0.1565217391304348,388.0,,,,
9941.194,63.55932203389831,74.0,0.1608695652173913,386.0,,,,
9951.271999999999,67.41573033707866,,,,,,,
9952.162,63.42494714587738,,,,,,,
9953.108,58.13953488372093,,,,27.818439007937663,-29.37391750630481,61.0,
